﻿<?xml version="1.0" encoding="utf-8"?>
<ArrayOfStudents xmlns:xsi="http://www.w3.org/2001/XMLSchema-instance" xmlns:xsd="http://www.w3.org/2001/XMLSchema">
  <Student>
    <StudentID>1</StudentID>
    <FirstName>Rob</FirstName>
    <LastName>Walters</LastName>
    <TrackStudents>4</TrackStudents>
  </Student>
  <Student>
    <StudentID>2</StudentID>
    <FirstName>Regina</FirstName>
    <LastName>Jackson</LastName>
    <TrackStudents>4</TrackStudents>
  </Student>
  <Student>
    <StudentID>3</StudentID>
    <FirstName>Sandra</FirstName>
    <LastName>Papa</LastName>
    <TrackStudents>2</TrackStudents>
  </Student>
  <Student>
    <StudentID>4</StudentID>
    <FirstName>Theadore</FirstName>
    <LastName>Hart</LastName>
    <TrackStudents>1</TrackStudents>
  </Student>
</ArrayOfStudents>